classifier,accuracy,balanced_accuracy,f1,precision,recall,specificity,ROC_AUC,MCC
LR,0.9074074074074074,0.9076704545454546,0.8888888888888888,0.8695652173913043,0.9090909090909091,0.90625,0.9076704545454546,0.8101786565724084
RF,0.8888888888888888,0.8778409090909092,0.8571428571428571,0.9,0.8181818181818182,0.9375,0.8778409090909091,0.7689017447295385
