classifier,accuracy,balanced_accuracy,f1,precision,recall,specificity,ROC_AUC,MCC
LR,0.7407407407407407,0.7173295454545454,0.65,0.7222222222222222,0.5909090909090909,0.84375,0.7173295454545454,0.45305152225567213
RF,0.8518518518518519,0.8323863636363636,0.8,0.8888888888888888,0.7272727272727273,0.9375,0.8323863636363636,0.6929023281557338
