classifier,accuracy,balanced_accuracy,f1,precision,recall,specificity,ROC_AUC,MCC
LR,0.8333333333333334,0.8167613636363636,0.7804878048780488,0.8421052631578947,0.7272727272727273,0.90625,0.8167613636363636,0.6518350457459395
RF,0.8888888888888888,0.8707386363636364,0.85,0.9444444444444444,0.7727272727272727,0.96875,0.8707386363636364,0.7728525967890878
