accuracy,balanced_accuracy,f1,precision,recall,specificity,ROC_AUC,MCC
0.7777777777777778,0.775,0.75,0.75,0.75,0.8,0.7750000000000001,0.55
0.6111111111111112,0.6038961038961039,0.5333333333333333,0.5,0.5714285714285714,0.6363636363636364,0.6038961038961039,0.20385887657505022
0.7777777777777778,0.7662337662337663,0.7142857142857143,0.7142857142857143,0.7142857142857143,0.8181818181818182,0.7662337662337663,0.5324675324675324
