Mean,Stddev
0.6851851851851851,0.026189140043946214
0.6688852813852814,0.04001995634655318
0.5972222222222222,0.07081971546656644
0.6166666666666667,0.011785113019775802
0.5892857142857143,0.11934486699859181
0.7484848484848485,0.05052524848646387
0.6688852813852814,0.040019956346553226
0.3422554799877551,0.06831000181833798
