classifier,accuracy,balanced_accuracy,f1,precision,recall,specificity,ROC_AUC,MCC
LR,0.7272727272727273,0.686141304347826,0.5714285714285714,0.8333333333333334,0.43478260869565216,0.9375,0.686141304347826,0.4446177584499821
RF,0.7272727272727273,0.686141304347826,0.5714285714285714,0.8333333333333334,0.43478260869565216,0.9375,0.686141304347826,0.4446177584499821
