classifier,accuracy,balanced_accuracy,f1,precision,recall,specificity,ROC_AUC,MCC
LR,0.7818181818181819,0.7574728260869565,0.7,0.8235294117647058,0.6086956521739131,0.90625,0.7574728260869565,0.5496472302018778
RF,0.6909090909090909,0.6487771739130435,0.5142857142857142,0.75,0.391304347826087,0.90625,0.6487771739130435,0.35536966825016814
