classifier,accuracy,balanced_accuracy,f1,precision,recall,specificity,ROC_AUC,MCC
RF,0.46511627906976744,0.46739130434782605,0.46511627906976744,0.5,0.43478260869565216,0.5,0.46739130434782605,-0.06521739130434782
