classifier,accuracy,balanced_accuracy,f1,precision,recall,specificity,ROC_AUC,MCC
GBM,0.8518518518518519,0.8252840909090908,0.7894736842105263,0.9375,0.6818181818181818,0.96875,0.8252840909090908,0.7000472578887171
