classifier,accuracy,balanced_accuracy,f1,precision,recall,specificity,ROC_AUC,MCC
LR,0.4117647058823529,0.41527777777777775,0.3902439024390244,0.43243243243243246,0.35555555555555557,0.475,0.41527777777777775,-0.17058549736689785
RF,0.5176470588235295,0.5180555555555555,0.5287356321839081,0.5476190476190477,0.5111111111111111,0.525,0.5180555555555555,0.0360510759721516
SVM,0.4117647058823529,0.4,0.5192307692307693,0.4576271186440678,0.6,0.2,0.39999999999999997,-0.21664744340223566
