classifier,accuracy,balanced_accuracy,f1,precision,recall,specificity,ROC_AUC,MCC
GBM,0.8888888888888888,0.8636363636363636,0.8421052631578947,1.0,0.7272727272727273,1.0,0.8636363636363636,0.7825855808712296
