classifier,accuracy,balanced_accuracy,f1,precision,recall,specificity,ROC_AUC,MCC
RF,0.3488372093023256,0.3484848484848485,0.36363636363636365,0.36363636363636365,0.36363636363636365,0.3333333333333333,0.3484848484848485,-0.30303030303030304
