classifier,accuracy,balanced_accuracy,f1,precision,recall,specificity,ROC_AUC,MCC
LR,0.4117647058823529,0.4208333333333333,0.32432432432432434,0.41379310344827586,0.26666666666666666,0.575,0.4208333333333333,-0.16669232150660415
RF,0.4470588235294118,0.44861111111111107,0.4470588235294118,0.475,0.4222222222222222,0.475,0.4486111111111111,-0.10277777777777777
SVM,0.38823529411764707,0.38611111111111107,0.4222222222222222,0.4222222222222222,0.4222222222222222,0.35,0.38611111111111107,-0.22777777777777777
