classifier,accuracy,balanced_accuracy,f1,precision,recall,specificity,ROC_AUC,MCC
LR,0.4444444444444444,0.475,0.2857142857142857,0.5,0.2,0.75,0.475,-0.05976143046671968
RF,0.3333333333333333,0.3,0.5,0.42857142857142855,0.6,0.0,0.3,-0.47809144373375745
SVM,0.3333333333333333,0.325,0.4,0.4,0.4,0.25,0.325,-0.35
