classifier,accuracy,balanced_accuracy,f1,precision,recall,specificity,ROC_AUC,MCC
GBM,0.4588235294117647,0.45555555555555555,0.5,0.48936170212765956,0.5111111111111111,0.4,0.45555555555555555,-0.08923659752136728
LR,0.4117647058823529,0.41527777777777775,0.3902439024390244,0.43243243243243246,0.35555555555555557,0.475,0.41527777777777775,-0.17058549736689785
RF,0.4823529411764706,0.48333333333333334,0.4883720930232558,0.5121951219512195,0.4666666666666667,0.5,0.4833333333333334,-0.03329635791060134
SVM,0.5411764705882353,0.5347222222222222,0.5979381443298969,0.5576923076923077,0.6444444444444445,0.425,0.5347222222222222,0.07112382729155405
