classifier,accuracy,balanced_accuracy,f1,precision,recall,specificity,ROC_AUC,MCC
GBM,0.4235294117647059,0.4236111111111111,0.4367816091954023,0.4523809523809524,0.4222222222222222,0.425,0.42361111111111116,-0.1525237829591029
LR,0.43529411764705883,0.43333333333333335,0.4666666666666667,0.4666666666666667,0.4666666666666667,0.4,0.43333333333333335,-0.13333333333333333
RF,0.4,0.39861111111111114,0.42696629213483145,0.4318181818181818,0.4222222222222222,0.375,0.39861111111111114,-0.20255284395615816
SVM,0.47058823529411764,0.4555555555555556,0.5871559633027523,0.5,0.7111111111111111,0.2,0.4555555555555555,-0.10286889997472794
