classifier,accuracy,balanced_accuracy,f1,precision,recall,specificity,ROC_AUC,MCC
LR,0.43529411764705883,0.43333333333333335,0.4666666666666667,0.4666666666666667,0.4666666666666667,0.4,0.43333333333333335,-0.13333333333333333
RF,0.43529411764705883,0.43472222222222223,0.45454545454545453,0.46511627906976744,0.4444444444444444,0.425,0.43472222222222223,-0.13033850543777886
SVM,0.47058823529411764,0.4652777777777778,0.5263157894736842,0.5,0.5555555555555556,0.375,0.4652777777777778,-0.07042952122737638
