classifier,accuracy,balanced_accuracy,f1,precision,recall,specificity,ROC_AUC,MCC
GBM,0.5176470588235295,0.5194444444444445,0.5176470588235295,0.55,0.4888888888888889,0.55,0.5194444444444445,0.03888888888888889
LR,0.4117647058823529,0.4208333333333333,0.32432432432432434,0.41379310344827586,0.26666666666666666,0.575,0.4208333333333333,-0.16669232150660415
RF,0.47058823529411764,0.4736111111111111,0.4578313253012048,0.5,0.4222222222222222,0.525,0.4736111111111111,-0.052984229778311825
SVM,0.6705882352941176,0.6583333333333333,0.7358490566037735,0.639344262295082,0.8666666666666667,0.45,0.6583333333333333,0.35113010370342207
