classifier,accuracy,balanced_accuracy,f1,precision,recall,specificity,ROC_AUC,MCC
GBM,0.8148148148148148,0.8082386363636364,0.7727272727272727,0.7727272727272727,0.7727272727272727,0.84375,0.8082386363636362,0.6164772727272727
