classifier,accuracy,balanced_accuracy,f1,precision,recall,specificity,ROC_AUC,MCC
RF,0.2857142857142857,0.2837528604118993,0.3181818181818182,0.3333333333333333,0.30434782608695654,0.2631578947368421,0.28375286041189934,-0.4305283859114459
