classifier,accuracy,balanced_accuracy,f1,precision,recall,specificity,ROC_AUC,MCC
GBM,0.4588235294117647,0.45833333333333337,0.4772727272727273,0.4883720930232558,0.4666666666666667,0.45,0.45833333333333337,-0.08319479070496523
LR,0.4235294117647059,0.4305555555555556,0.36363636363636365,0.4375,0.3111111111111111,0.55,0.4305555555555556,-0.14308392077988438
RF,0.5058823529411764,0.5041666666666667,0.5333333333333333,0.5333333333333333,0.5333333333333333,0.475,0.5041666666666667,0.008333333333333333
SVM,0.5411764705882353,0.5236111111111111,0.6548672566371682,0.5441176470588235,0.8222222222222222,0.225,0.5236111111111111,0.05892556509887896
