classifier,accuracy,balanced_accuracy,f1,precision,recall,specificity,ROC_AUC,MCC
GBM,0.49411764705882355,0.49722222222222223,0.4819277108433735,0.5263157894736842,0.4444444444444444,0.55,0.49722222222222223,-0.005577287345085455
LR,0.47058823529411764,0.4652777777777778,0.5263157894736842,0.5,0.5555555555555556,0.375,0.4652777777777778,-0.07042952122737638
RF,0.4588235294117647,0.4638888888888889,0.425,0.4857142857142857,0.37777777777777777,0.55,0.46388888888888896,-0.07324670207647144
SVM,0.49411764705882355,0.47777777777777775,0.6126126126126126,0.5151515151515151,0.7555555555555555,0.2,0.47777777777777775,-0.05324820425539145
