classifier,accuracy,balanced_accuracy,f1,precision,recall,specificity,ROC_AUC,MCC
GBM,0.8518518518518519,0.8465909090909092,0.8181818181818182,0.8181818181818182,0.8181818181818182,0.875,0.8465909090909092,0.6931818181818182
