Mean,Stddev
0.5925925925925927,0.026189140043946214
0.5,0.0
0.0,0.0
1.0,0.0
0.0,0.0
1.0,0.0
0.5,0.0
0.0,0.0
