classifier,accuracy,balanced_accuracy,f1,precision,recall,specificity,ROC_AUC,MCC
GBM,0.8888888888888888,0.8636363636363636,0.8421052631578947,1.0,0.7272727272727273,1.0,0.8636363636363636,0.7825855808712296
LR,0.8703703703703703,0.8480113636363636,0.8205128205128205,0.9411764705882353,0.7272727272727273,0.96875,0.8480113636363636,0.7363502315713583
RF,0.8888888888888888,0.8636363636363636,0.8421052631578947,1.0,0.7272727272727273,1.0,0.8636363636363636,0.7825855808712296
SVM,0.5925925925925926,0.6420454545454546,0.6451612903225806,0.5,0.9090909090909091,0.375,0.6420454545454546,0.318529494648516
