classifier,accuracy,balanced_accuracy,f1,precision,recall,specificity,ROC_AUC,MCC
GBM,0.8333333333333334,0.8238636363636364,0.7906976744186046,0.8095238095238095,0.7727272727272727,0.875,0.8238636363636364,0.652847726106847
LR,0.8518518518518519,0.8465909090909092,0.8181818181818182,0.8181818181818182,0.8181818181818182,0.875,0.8465909090909092,0.6931818181818182
RF,0.8518518518518519,0.8465909090909092,0.8181818181818182,0.8181818181818182,0.8181818181818182,0.875,0.8465909090909092,0.6931818181818182
SVM,0.5740740740740741,0.6335227272727273,0.6461538461538462,0.4883720930232558,0.9545454545454546,0.3125,0.6335227272727273,0.3257924002560191
