classifier,accuracy,balanced_accuracy,f1,precision,recall,specificity,ROC_AUC,MCC
GBM,0.9074074074074074,0.8863636363636364,0.8717948717948718,1.0,0.7727272727272727,1.0,0.8863636363636364,0.8174990326016712
LR,0.8148148148148148,0.8011363636363636,0.7619047619047619,0.8,0.7272727272727273,0.875,0.8011363636363636,0.6128089093333163
RF,0.8888888888888888,0.8707386363636364,0.85,0.9444444444444444,0.7727272727272727,0.96875,0.8707386363636364,0.7728525967890878
SVM,0.7037037037037037,0.7144886363636364,0.68,0.6071428571428571,0.7727272727272727,0.65625,0.7144886363636364,0.4218469599776175
