classifier,accuracy,balanced_accuracy,f1,precision,recall,specificity,ROC_AUC,MCC
GBM,0.7090909090909091,0.6582880434782609,0.5,0.8888888888888888,0.34782608695652173,0.96875,0.6582880434782609,0.4221014492753623
LR,0.7454545454545455,0.7139945652173914,0.631578947368421,0.8,0.5217391304347826,0.90625,0.7139945652173914,0.47401929652521624
RF,0.7090909090909091,0.670516304347826,0.5555555555555556,0.7692307692307693,0.43478260869565216,0.90625,0.670516304347826,0.39594830938445935
SVM,0.5636363636363636,0.6188858695652174,0.6470588235294118,0.4888888888888889,0.9565217391304348,0.28125,0.6188858695652174,0.3040835204999007
