classifier,accuracy,balanced_accuracy,f1,precision,recall,specificity,ROC_AUC,MCC
GBM,0.6545454545454545,0.6114130434782609,0.45714285714285713,0.6666666666666666,0.34782608695652173,0.875,0.6114130434782609,0.26612157805035425
