classifier,accuracy,balanced_accuracy,f1,precision,recall,specificity,ROC_AUC,MCC
GBM,0.7454545454545455,0.7139945652173914,0.631578947368421,0.8,0.5217391304347826,0.90625,0.7139945652173914,0.47401929652521624
