classifier,accuracy,balanced_accuracy,f1,precision,recall,specificity,ROC_AUC,MCC
GBM,0.6545454545454545,0.6175271739130435,0.4864864864864865,0.6428571428571429,0.391304347826087,0.84375,0.6175271739130435,0.26616518597729744
LR,0.5818181818181818,0.5489130434782609,0.41025641025641024,0.5,0.34782608695652173,0.75,0.5489130434782609,0.10624323704622426
RF,0.6545454545454545,0.6175271739130435,0.4864864864864865,0.6428571428571429,0.391304347826087,0.84375,0.6175271739130435,0.26616518597729744
SVM,0.4909090909090909,0.5197010869565217,0.5333333333333333,0.43243243243243246,0.6956521739130435,0.34375,0.5197010869565217,0.04142113319904327
