classifier,accuracy,balanced_accuracy,f1,precision,recall,specificity,ROC_AUC,MCC
GBM,0.7272727272727273,0.6922554347826086,0.5945945945945946,0.7857142857142857,0.4782608695652174,0.90625,0.6922554347826086,0.43540316550043456
LR,0.7636363636363637,0.7357336956521738,0.6666666666666666,0.8125,0.5652173913043478,0.90625,0.7357336956521738,0.5120333785422198
RF,0.7636363636363637,0.7418478260869565,0.6829268292682927,0.7777777777777778,0.6086956521739131,0.875,0.7418478260869565,0.5084801178917036
SVM,0.5272727272727272,0.5815217391304348,0.6176470588235294,0.4666666666666667,0.9130434782608695,0.25,0.5815217391304348,0.20851441405707477
