classifier,accuracy,balanced_accuracy,f1,precision,recall,specificity,ROC_AUC,MCC
GBM,0.7454545454545455,0.7078804347826086,0.6111111111111112,0.8461538461538461,0.4782608695652174,0.9375,0.7078804347826086,0.4827098911220899
LR,0.7818181818181819,0.7574728260869565,0.7,0.8235294117647058,0.6086956521739131,0.90625,0.7574728260869565,0.5496472302018778
RF,0.7454545454545455,0.7139945652173914,0.631578947368421,0.8,0.5217391304347826,0.90625,0.7139945652173914,0.47401929652521624
SVM,0.5636363636363636,0.6188858695652174,0.6470588235294118,0.4888888888888889,0.9565217391304348,0.28125,0.6188858695652174,0.3040835204999007
