classifier,accuracy,balanced_accuracy,f1,precision,recall,specificity,ROC_AUC,MCC
LR,0.7636363636363637,0.7357336956521738,0.6666666666666666,0.8125,0.5652173913043478,0.90625,0.7357336956521738,0.5120333785422198
RF,0.7454545454545455,0.7201086956521738,0.65,0.7647058823529411,0.5652173913043478,0.875,0.7201086956521738,0.46988312027812246
