classifier,accuracy,balanced_accuracy,f1,precision,recall,specificity,ROC_AUC,MCC
GBM,0.7090909090909091,0.6644021739130435,0.5294117647058824,0.8181818181818182,0.391304347826087,0.9375,0.6644021739130435,0.4054653794259671
LR,0.7272727272727273,0.686141304347826,0.5714285714285714,0.8333333333333334,0.43478260869565216,0.9375,0.686141304347826,0.4446177584499821
RF,0.7454545454545455,0.701766304347826,0.5882352941176471,0.9090909090909091,0.43478260869565216,0.96875,0.701766304347826,0.49761660202277785
SVM,0.5818181818181818,0.6345108695652174,0.6567164179104478,0.5,0.9565217391304348,0.3125,0.6345108695652174,0.33174440134851857
