classifier,accuracy,balanced_accuracy,f1,precision,recall,specificity,ROC_AUC,MCC
GBM,0.6545454545454545,0.6175271739130435,0.4864864864864865,0.6428571428571429,0.391304347826087,0.84375,0.6175271739130435,0.26616518597729744
