Mean,Stddev
0.7860696517412935,0.0
0.729443838604144,0.0
0.6386554621848739,0.0
0.7755102040816326,0.0
0.5428571428571428,0.0
0.916030534351145,0.0
0.7294438386041439,0.0
0.5091798740705447,0.0
