Mean,Stddev
0.5818713450292398,0.022774505741808827
0.5,0.0
0.0,0.0
1.0,0.0
0.0,0.0
1.0,0.0
0.5,0.0
0.0,0.0
